a,b,c
"Bismarck/Mandan ND","Aberdeen SD",1
"Grand Junction CO","Aspen CO",1
"Kahului HI","Chicago IL",1
"Kona HI","Chicago IL",1
"Lafayette LA","Baton Rouge LA",1
"Lake Charles LA","Lafayette LA",1
"Lexington KY","Gainesville FL",1
"Los Angeles CA","Grand Junction CO",1
"Oklahoma City OK","Nashville TN",1
"Richmond VA","Baltimore MD",1
"Sacramento CA","Crescent City CA",1
"Savannah GA","New York NY",1
"South Bend IN","Miami FL",1
"Tulsa OK","Kansas City MO",1
"Twin Falls ID","Boise ID",1
"Washington DC","Baton Rouge LA",1
"White Plains NY","Syracuse NY",1
"Cleveland OH","Boston MA",2
"Detroit MI","Asheville NC",2
"Los Angeles CA","Columbus OH",2
"Los Angeles CA","Indianapolis IN",2
"Minneapolis MN","Great Falls MT",2
"Minneapolis MN","Jacksonville FL",2
"Minneapolis MN","Kalispell MT",2
"New York NY","Key West FL",2
"Omaha NE","Cincinnati OH",2
"Philadelphia PA","Cleveland OH",2
"Raleigh/Durham NC","Los Angeles CA",2
"Seattle WA","Cincinnati OH",2
"Springfield MO","Memphis TN",2
"St. Louis MO","San Diego CA",2
"Trenton NJ","Fort Myers FL",2
"Trenton NJ","Tampa FL",2
"Denver CO","Dallas TX",3
"Detroit MI","Charleston/Dunbar WV",3
"Duluth MN","Detroit MI",3
"Manchester NH","Charlotte NC",3
"Houston TX","Gunnison CO",4
"Los Angeles CA","Bozeman MT",4
"Minneapolis MN","Billings MT",4
"Minneapolis MN","Buffalo NY",4
"Minneapolis MN","Fort Wayne IN",4
"Newark NJ","Asheville NC",4
"Newark NJ","Jackson WY",4
"Orlando FL","Knoxville TN",4
"Pittsburgh PA","Cleveland OH",4
"Portland ME","Chicago IL",4
"Portland OR","Detroit MI",4
"Rapid City SD","Chicago IL",4
"Reno NV","Houston TX",4
"Roanoke VA","Detroit MI",4
"San Diego CA","Cleveland OH",4
"Sarasota/Bradenton FL","Detroit MI",4
"Savannah GA","Detroit MI",4
"Seattle WA","Cleveland OH",4
"Washington DC","Allentown/Bethlehem/Easton PA",4
"Chicago IL","Bozeman MT",5
"Minneapolis MN","Kalamazoo MI",5
"Salt Lake City UT","Anchorage AK",5
"Syracuse NY","Cleveland OH",5
"Syracuse NY","Minneapolis MN",5
"Memphis TN","Jacksonville FL",6
"New York NY","Greensboro/High Point NC",6
"Memphis TN","Birmingham AL",7
"Christiansted VI","Charlotte NC",8
"Kona HI","Anchorage AK",8
"Kona HI","Denver CO",8
"Lihue HI","Denver CO",8
"Newark NJ","Bozeman MT",8
"Newark NJ","Hayden CO",8
"Newark NJ","Montrose/Delta CO",8
"Oakland CA","Kansas City MO",8
"Orlando FL","Branson MO",8
"Orlando FL","Madison WI",8
"Palm Springs CA","New York NY",8
"San Juan PR","Detroit MI",8
"San Juan PR","Minneapolis MN",8
"Tulsa OK","Miami FL",8
"Fort Lauderdale FL","Birmingham AL",9
"Minneapolis MN","Albuquerque NM",9
"New Orleans LA","Cleveland OH",9
"Las Vegas NV","Albany NY",10
"Las Vegas NV","Jacksonville FL",10
"Panama City FL","Orlando FL",10
"Portland OR","Albuquerque NM",10
"Providence RI","Las Vegas NV",10
"Raleigh/Durham NC","Phoenix AZ",10
"St. Louis MO","Albuquerque NM",10
"Denver CO","Branson MO",12
"Minneapolis MN","Jackson WY",12
"Orlando FL","Colorado Springs CO",12
"Pensacola FL","Chicago IL",12
"Gunnison CO","Denver CO",13
"San Jose CA","Boston MA",14
"Washington DC","Oakland CA",15
"Chicago IL","Charlotte Amalie VI",16
"Cleveland OH","Buffalo NY",16
"El Paso TX","Albuquerque NM",16
"Los Angeles CA","Hayden CO",16
"Montrose/Delta CO","Los Angeles CA",16
"San Juan PR","Cleveland OH",16
"Chicago IL","Anchorage AK",17
"Anchorage AK","Adak Island AK",18
"Bozeman MT","Atlanta GA",18
"Jackson WY","Atlanta GA",18
"Montrose/Delta CO","Atlanta GA",18
"Newark NJ","Columbia SC",18
"Orlando FL","Columbia MO",18
"Pago Pago TT","Honolulu HI",18
"Rockford IL","Denver CO",19
"Spokane WA","Portland OR",19
"Trenton NJ","Orlando FL",19
"Greensboro/High Point NC","Cincinnati OH",24
"San Francisco CA","Bozeman MT",24
"Tampa FL","Grand Rapids MI",24
"Kahului HI","Anchorage AK",26
"Orlando FL","Bloomington/Normal IL",26
"Orlando FL","Greensboro/High Point NC",26
"Orlando FL","Omaha NE",26
"Staunton VA","Orlando FL",26
"Philadelphia PA","Indianapolis IN",27
"Denver CO","Bloomington/Normal IL",28
"Minneapolis MN","Bozeman MT",28
"Raleigh/Durham NC","Hartford CT",28
"Washington DC","Charlotte Amalie VI",28
"West Palm Beach/Palm Beach FL","Tampa FL",29
"Dayton OH","Cleveland OH",30
"Orlando FL","Fort Lauderdale FL",30
"Fairbanks AK","Deadhorse AK",31
"New York NY","Charleston SC",31
"Detroit MI","Charleston SC",32
"Tampa FL","Flint MI",32
"Rochester NY","Cleveland OH",33
"Grand Rapids MI","Fort Myers FL",34
"Pittsburgh PA","Los Angeles CA",34
"San Diego CA","Colorado Springs CO",34
"Santa Ana CA","Mammoth Lakes CA",34
"Tulsa OK","Los Angeles CA",34
"Portland OR","Kona HI",35
"Portland OR","Lihue HI",35
"South Bend IN","Denver CO",35
"Fort Myers FL","Flint MI",36
"Kahului HI","Bellingham WA",36
"Las Vegas NV","Cincinnati OH",36
"San Francisco CA","Pittsburgh PA",37
"Orlando FL","Allentown/Bethlehem/Easton PA",38
"St. Louis MO","San Francisco CA",38
"Tucson AZ","Minneapolis MN",38
"Barrow AK","Anchorage AK",40
"Deadhorse AK","Barrow AK",40
"Long Beach CA","Boston MA",40
"Oakland CA","New York NY",40
"Sacramento CA","New York NY",40
"San Jose CA","New York NY",40
"Santa Fe NM","Los Angeles CA",40
"Washington DC","Lexington KY",40
"Washington DC","Tulsa OK",40
"Charlotte Amalie VI","Boston MA",41
"Raleigh/Durham NC","Minneapolis MN",41
"Little Rock AR","Detroit MI",42
"Raleigh/Durham NC","Columbus OH",42
"San Diego CA","Orlando FL",42
"New York NY","Grand Rapids MI",44
"West Palm Beach/Palm Beach FL","Washington DC",44
"Deadhorse AK","Anchorage AK",45
"International Falls MN","Brainerd MN",45
"Orlando FL","Flint MI",45
"Providence RI","Philadelphia PA",45
"Detroit MI","Alpena MI",46
"Fayetteville AR","Denver CO",46
"Hayden CO","Chicago IL",46
"Jackson WY","Chicago IL",46
"Jackson WY","Dallas/Fort Worth TX",46
"Minneapolis MN","Helena MT",46
"Orlando FL","Harrisburg PA",46
"Phoenix AZ","Colorado Springs CO",46
"San Jose CA","Atlanta GA",46
"Kahului HI","Denver CO",48
"Philadelphia PA","Charlotte Amalie VI",48
"Philadelphia PA","Manchester NH",48
"Phoenix AZ","Lihue HI",48
"Portland ME","Atlanta GA",48
"Rhinelander WI","Iron Mountain/Kingsfd MI",48
"Cleveland OH","Burlington VT",49
"Fayetteville AR","Detroit MI",49
"Madison WI","Cincinnati OH",49
"New York NY","Birmingham AL",49
"Peoria IL","Minneapolis MN",49
"San Francisco CA","New Orleans LA",49
"Tallahassee FL","Fort Lauderdale FL",49
"Eagle CO","Denver CO",50
"Fayetteville AR","Cincinnati OH",50
"Greer SC","Cincinnati OH",50
"Harrisburg PA","Cincinnati OH",50
"Jacksonville FL","Cincinnati OH",50
"Memphis TN","Baton Rouge LA",50
"Memphis TN","Boston MA",50
"New Orleans LA","Cincinnati OH",50
"New York NY","Knoxville TN",50
"Phoenix AZ","Memphis TN",50
"San Francisco CA","Cincinnati OH",50
"Shreveport LA","Memphis TN",50
"St. Louis MO","Cleveland OH",51
"Syracuse NY","Newark NJ",51
"Denver CO","Birmingham AL",52
"Memphis TN","Des Moines IA",52
"Milwaukee WI","Cincinnati OH",52
"Nashville TN","Fort Myers FL",52
"New Orleans LA","Milwaukee WI",52
"Pittsburgh PA","Memphis TN",52
"Reno NV","Ontario CA",52
"Saginaw/Bay City/Midland MI","Minneapolis MN",52
"Tampa FL","Memphis TN",52
"Tulsa OK","Memphis TN",52
"Tulsa OK","Salt Lake City UT",52
"West Palm Beach/Palm Beach FL","Buffalo NY",52
"Crescent City CA","Arcata/Eureka CA",53
"Memphis TN","Little Rock AR",53
"New York NY","Kansas City MO",53
"Newark NJ","Des Moines IA",53
"Newark NJ","Fayetteville AR",53
"Newark NJ","Madison WI",53
"Omaha NE","Memphis TN",53
"Scranton/Wilkes-Barre PA","Charlotte NC",53
"Tulsa OK","Newark NJ",53
"Chicago IL","Bloomington/Normal IL",54
"Columbus OH","Charlotte NC",54
"Greer SC","Cleveland OH",54
"Hayden CO","Atlanta GA",54
"Houston TX","Columbia SC",54
"Houston TX","Grand Junction CO",54
"Huntsville AL","Denver CO",54
"Los Angeles CA","Hilo HI",54
"Marquette MI","Chicago IL",54
"Minneapolis MN","Bloomington/Normal IL",54
"Montrose/Delta CO","Houston TX",54
"New York NY","Charleston/Dunbar WV",54
"Newark NJ","Knoxville TN",54
"Oklahoma City OK","Newark NJ",54
"Peoria IL","Denver CO",54
"Raleigh/Durham NC","Cleveland OH",54
"San Antonio TX","New York NY",54
"San Antonio TX","Newark NJ",54
"San Francisco CA","Jackson WY",54
"South Bend IN","Minneapolis MN",54
"St. George UT","Los Angeles CA",54
"Tampa FL","Los Angeles CA",54
"Washington DC","Honolulu HI",54
"Washington DC","Sacramento CA",54
"Manchester NH","Atlanta GA",55
"San Francisco CA","Oklahoma City OK",55
"San Jose CA","Minneapolis MN",55
"Washington DC","Charleston/Dunbar WV",55
"Boston MA","Austin TX",56
"Gunnison CO","Dallas/Fort Worth TX",56
"Jacksonville FL","Detroit MI",56
"Kansas City MO","Albuquerque NM",56
"Memphis TN","Fort Lauderdale FL",56
"Newport News/Williamsburg VA","Denver CO",56
"Oakland CA","Austin TX",56
"Rochester NY","Newark NJ",56
"San Francisco CA","Milwaukee WI",56
"Seattle WA","Milwaukee WI",56
"Tampa FL","Austin TX",56
"Tampa FL","San Antonio TX",56
"Washington DC","Long Beach CA",56
"Richmond VA","Minneapolis MN",57
"Madison WI","Cleveland OH",58
"Moline IL","Denver CO",58
"Norfolk VA","Jacksonville FL",58
"Sacramento CA","Minneapolis MN",58
"Washington DC","Oklahoma City OK",58
"Missoula MT","Minneapolis MN",59
"Providence RI","Newark NJ",59
"Cordova AK","Anchorage AK",60
"Panama City FL","Baltimore MD",60
"Seattle WA","Albuquerque NM",60
"Seattle WA","Austin TX",60
"Yakutat AK","Cordova AK",60
"Yakutat AK","Juneau AK",60
"Chicago IL","Boise ID",61
"Detroit MI","Bangor ME",61
"Philadelphia PA","Newark NJ",61
"Rochester NY","Orlando FL",61
"Washington DC","Pensacola FL",61
"Washington DC","Philadelphia PA",61
"Baltimore MD","Albuquerque NM",62
"Boston MA","Akron OH",62
"Branson MO","Atlanta GA",62
"Charlotte NC","Allentown/Bethlehem/Easton PA",62
"Chicago IL","Burlington VT",62
"Chicago IL","Chattanooga TN",62
"Colorado Springs CO","Atlanta GA",62
"Dallas/Fort Worth TX","Aspen CO",62
"Dallas/Fort Worth TX","Bloomington/Normal IL",62
"Dallas/Fort Worth TX","Champaign/Urbana IL",62
"Denver CO","Anchorage AK",62
"Denver CO","Bend/Redmond OR",62
"Denver CO","Cody WY",62
"Eagle CO","Atlanta GA",62
"Eagle CO","Chicago IL",62
"Evansville IN","Dallas/Fort Worth TX",62
"Fairbanks AK","Barrow AK",62
"Fort Lauderdale FL","Albany NY",62
"Fort Lauderdale FL","Columbus OH",62
"Fort Myers FL","Buffalo NY",62
"Fort Myers FL","Denver CO",62
"Harlingen/San Benito TX","Austin TX",62
"Hartford CT","Denver CO",62
"Hartford CT","Fort Myers FL",62
"Hayden CO","Dallas/Fort Worth TX",62
"Honolulu HI","Anchorage AK",62
"Honolulu HI","Atlanta GA",62
"Honolulu HI","Bellingham WA",62
"Honolulu HI","Guam TT",62
"Houston TX","Charleston/Dunbar WV",62
"Houston TX","Eagle CO",62
"Houston TX","Grand Rapids MI",62
"Houston TX","Hayden CO",62
"Houston TX","Honolulu HI",62
"Jackson/Vicksburg MS","Baltimore MD",62
"Jacksonville FL","Birmingham AL",62
"Jacksonville FL","Boston MA",62
"Jacksonville FL","Denver CO",62
"Kahului HI","Dallas/Fort Worth TX",62
"Ketchikan AK","Juneau AK",62
"Knoxville TN","Denver CO",62
"Las Vegas NV","Amarillo TX",62
"Las Vegas NV","Bellingham WA",62
"Las Vegas NV","Birmingham AL",62
"Las Vegas NV","Buffalo NY",62
"Las Vegas NV","Fort Lauderdale FL",62
"Little Rock AR","Baltimore MD",62
"Little Rock AR","Las Vegas NV",62
"Long Beach CA","Austin TX",62
"Los Angeles CA","Eagle CO",62
"Los Angeles CA","Jackson WY",62
"Louisville KY","Las Vegas NV",62
"Manchester NH","Denver CO",62
"Manchester NH","Fort Lauderdale FL",62
"Miami FL","Eagle CO",62
"Miami FL","Hartford CT",62
"Miami FL","Memphis TN",62
"Milwaukee WI","Fort Lauderdale FL",62
"Milwaukee WI","Los Angeles CA",62
"Minneapolis MN","Alpena MI",62
"Minneapolis MN","International Falls MN",62
"Monterey CA","Denver CO",62
"Montrose/Delta CO","Chicago IL",62
"Montrose/Delta CO","Dallas/Fort Worth TX",62
"Nashville TN","Boston MA",62
"Nashville TN","Charleston SC",62
"Nashville TN","Greer SC",62
"New Orleans LA","Boston MA",62
"New Orleans LA","Kansas City MO",62
"New York NY","Eagle CO",62
"New York NY","Honolulu HI",62
"Newark NJ","Aguadilla PR",62
"Newark NJ","Eagle CO",62
"Newark NJ","Honolulu HI",62
"Newark NJ","Myrtle Beach SC",62
"Newburgh/Poughkeepsie NY","Fort Lauderdale FL",62
"Norfolk VA","Houston TX",62
"Norfolk VA","Nashville TN",62
"Oakland CA","Kona HI",62
"Oakland CA","Lihue HI",62
"Oklahoma City OK","Baltimore MD",62
"Ontario CA","Chicago IL",62
"Orlando FL","Dayton OH",62
"Orlando FL","Grand Rapids MI",62
"Orlando FL","Greer SC",62
"Orlando FL","Jackson/Vicksburg MS",62
"Orlando FL","Key West FL",62
"Palm Springs CA","Houston TX",62
"Pasco/Kennewick/Richland WA","Minneapolis MN",62
"Petersburg AK","Juneau AK",62
"Philadelphia PA","Austin TX",62
"Philadelphia PA","Hartford CT",62
"Phoenix AZ","Buffalo NY",62
"Phoenix AZ","Little Rock AR",62
"Phoenix AZ","Louisville KY",62
"Phoenix AZ","New Orleans LA",62
"Ponce PR","New York NY",62
"Portland ME","Charlotte NC",62
"Portland OR","Boston MA",62
"Portland OR","Kansas City MO",62
"Portland OR","Klamath Falls OR",62
"Portland OR","Palm Springs CA",62
"Providence RI","Denver CO",62
"Raleigh/Durham NC","Denver CO",62
"Raleigh/Durham NC","Las Vegas NV",62
"Rapid City SD","Dallas/Fort Worth TX",62
"Richmond VA","Fort Lauderdale FL",62
"Richmond VA","Miami FL",62
"Rochester MN","Chicago IL",62
"Rochester NY","Charlotte NC",62
"Rock Springs WY","Gillette WY",62
"Sacramento CA","Honolulu HI",62
"Sacramento CA","Kahului HI",62
"Salt Lake City UT","Cody WY",62
"Salt Lake City UT","Fargo ND",62
"Salt Lake City UT","Honolulu HI",62
"Salt Lake City UT","Indianapolis IN",62
"Salt Lake City UT","Nashville TN",62
"Salt Lake City UT","New Orleans LA",62
"San Antonio TX","Harlingen/San Benito TX",62
"San Antonio TX","Orlando FL",62
"San Antonio TX","Philadelphia PA",62
"San Diego CA","El Paso TX",62
"San Diego CA","Kahului HI",62
"San Diego CA","Kansas City MO",62
"San Diego CA","Mammoth Lakes CA",62
"San Diego CA","Nashville TN",62
"San Francisco CA","Baltimore MD",62
"San Francisco CA","Colorado Springs CO",62
"San Francisco CA","Klamath Falls OR",62
"San Francisco CA","North Bend/Coos Bay OR",62
"San Francisco CA","Pasco/Kennewick/Richland WA",62
"San Francisco CA","Raleigh/Durham NC",62
"San Jose CA","Kona HI",62
"San Jose CA","Lihue HI",62
"San Juan PR","Christiansted VI",62
"San Juan PR","Hartford CT",62
"San Juan PR","Jacksonville FL",62
"Sarasota/Bradenton FL","Boston MA",62
"Sarasota/Bradenton FL","Chicago IL",62
"Scranton/Wilkes-Barre PA","Atlanta GA",62
"Seattle WA","Fort Lauderdale FL",62
"Seattle WA","Fresno CA",62
"Seattle WA","Miami FL",62
"Seattle WA","Reno NV",62
"Seattle WA","San Antonio TX",62
"Seattle WA","Santa Barbara CA",62
"Shreveport LA","Denver CO",62
"Sitka AK","Ketchikan AK",62
"St. Louis MO","Birmingham AL",62
"St. Louis MO","Fort Lauderdale FL",62
"St. Louis MO","Raleigh/Durham NC",62
"Tallahassee FL","Dallas/Fort Worth TX",62
"Tampa FL","Akron OH",62
"Tampa FL","Albany NY",62
"Tampa FL","Dayton OH",62
"Tampa FL","Kansas City MO",62
"Tampa FL","Key West FL",62
"Tampa FL","Las Vegas NV",62
"Tampa FL","Louisville KY",62
"Tampa FL","Manchester NH",62
"Tampa FL","Norfolk VA",62
"Tampa FL","Rochester NY",62
"Tucson AZ","Seattle WA",62
"Tulsa OK","Las Vegas NV",62
"Washington DC","Albuquerque NM",62
"Washington DC","Colorado Springs CO",62
"Washington DC","Louisville KY",62
"Washington DC","Manchester NH",62
"West Palm Beach/Palm Beach FL","Cleveland OH",62
"West Palm Beach/Palm Beach FL","Hartford CT",62
"West Palm Beach/Palm Beach FL","San Juan PR",62
"White Plains NY","Tampa FL",62
"Wrangell AK","Ketchikan AK",62
"Wrangell AK","Petersburg AK",62
"Houston TX","Cedar Rapids/Iowa City IA",63
"Lexington KY","Houston TX",63
"New Orleans LA","Detroit MI",63
"Newark NJ","Columbus OH",63
"Salt Lake City UT","Gillette WY",63
"Salt Lake City UT","Newark NJ",63
"Detroit MI","Columbus OH",64
"Kansas City MO","Fort Lauderdale FL",64
"Lubbock TX","Las Vegas NV",64
"Salt Lake City UT","Philadelphia PA",64
"Salt Lake City UT","Rapid City SD",64
"Tampa FL","Cincinnati OH",64
"White Plains NY","Fort Myers FL",64
"Manchester NH","Cleveland OH",65
"New Orleans LA","Minneapolis MN",65
"Phoenix AZ","Cleveland OH",65
"Portland OR","Newark NJ",65
"San Francisco CA","Albuquerque NM",65
"Savannah GA","Newark NJ",65
"Tulsa OK","Minneapolis MN",65
"Fort Lauderdale FL","Cincinnati OH",66
"Medford OR","Denver CO",66
"Minneapolis MN","Flint MI",66
"Newark NJ","New Orleans LA",66
"Salt Lake City UT","Boston MA",66
"San Juan PR","Houston TX",66
"Savannah GA","Houston TX",66
"Spokane WA","San Francisco CA",66
"Washington DC","Portland ME",66
"Raleigh/Durham NC","Indianapolis IN",67
"San Francisco CA","Cleveland OH",67
"Fort Myers FL","Cincinnati OH",68
"Kalispell MT","Denver CO",68
"Los Angeles CA","Boise ID",68
"Lubbock TX","Austin TX",68
"Minneapolis MN","Iron Mountain/Kingsfd MI",68
"Orlando FL","Louisville KY",68
"Phoenix AZ","Kona HI",68
"St. Louis MO","Little Rock AR",68
"Washington DC","San Antonio TX",68
"Washington DC","Greer SC",69
"New York NY","Charlotte Amalie VI",70
"Newark NJ","Charlotte Amalie VI",70
"Palm Springs CA","Chicago IL",70
"Tucson AZ","San Francisco CA",70
"Helena MT","Denver CO",72
"Indianapolis IN","Fort Lauderdale FL",72
"Las Vegas NV","Columbus OH",72
"Midland/Odessa TX","Las Vegas NV",72
"New Orleans LA","Las Vegas NV",72
"Orlando FL","Las Vegas NV",72
"Pittsburgh PA","Fort Lauderdale FL",72
"Pittsburgh PA","Las Vegas NV",72
"Seattle WA","Kansas City MO",72
"Washington DC","Indianapolis IN",72
"Louisville KY","Denver CO",73
"Charlotte Amalie VI","Atlanta GA",74
"Durango CO","Dallas/Fort Worth TX",74
"Honolulu HI","Denver CO",74
"Orlando FL","Newburgh/Poughkeepsie NY",74
"Phoenix AZ","Anchorage AK",74
"San Diego CA","Boston MA",74
"San Francisco CA","Aspen CO",74
"San Francisco CA","Lihue HI",74
"Houston TX","Aspen CO",75
"New York NY","Burbank CA",75
"Newark NJ","Hartford CT",75
"Charlotte NC","Charlotte Amalie VI",76
"San Francisco CA","San Antonio TX",76
"Tampa FL","Buffalo NY",76
"Seattle WA","Orlando FL",78
"Tampa FL","Islip NY",78
"Denver CO","Cincinnati OH",79
"Honolulu HI","Chicago IL",80
"Louisville KY","Cleveland OH",82
"Orlando FL","Aguadilla PR",82
"Washington DC","Syracuse NY",83
"Indianapolis IN","Cleveland OH",84
"Washington DC","Dayton OH",85
"Phoenix AZ","Kahului HI",86
"Seattle WA","Charlotte NC",86
"Denver CO","Akron OH",87
"Miami FL","Christiansted VI",88
"Washington DC","Columbus OH",88
"Ponce PR","Orlando FL",89
"San Jose CA","Honolulu HI",89
"Seattle WA","Kona HI",89
"Seattle WA","Lihue HI",89
"Richmond VA","Cincinnati OH",90
"San Juan PR","Chicago IL",90
"Houston TX","Bakersfield CA",91
"Kotzebue AK","Anchorage AK",91
"Nome AK","Anchorage AK",91
"Nome AK","Kotzebue AK",91
"Philadelphia PA","Memphis TN",92
"Grand Rapids MI","Denver CO",93
"Norfolk VA","Boston MA",93
"Washington DC","New Orleans LA",93
"Minneapolis MN","Fayetteville AR",94
"Durango CO","Denver CO",95
"Kansas City MO","Cincinnati OH",95
"Minneapolis MN","Anchorage AK",95
"Sacramento CA","Atlanta GA",96
"San Francisco CA","Mammoth Lakes CA",96
"Tulsa OK","Detroit MI",96
"Washington DC","Pittsburgh PA",96
"Memphis TN","Fayetteville AR",97
"Oakland CA","Honolulu HI",97
"Houston TX","Hobbs NM",98
"St. Louis MO","Milwaukee WI",98
"Grand Rapids MI","Cleveland OH",99
"Memphis TN","Las Vegas NV",100
"Milwaukee WI","Memphis TN",100
"Minneapolis MN","Lansing MI",100
"Nashville TN","Cincinnati OH",100
"Raleigh/Durham NC","Cincinnati OH",100
"Raleigh/Durham NC","Memphis TN",100
"Richmond VA","Houston TX",100
"San Diego CA","Detroit MI",100
"Springfield IL","Dallas/Fort Worth TX",100
"St. Louis MO","Columbus OH",100
"Memphis TN","Knoxville TN",102
"Nashville TN","Memphis TN",102
"Newark NJ","Austin TX",102
"Omaha NE","Newark NJ",102
"Seattle WA","Boston MA",102
"Washington DC","Cleveland OH",102
"Washington DC","Huntsville AL",102
"Memphis TN","Jackson/Vicksburg MS",103
"Memphis TN","Kansas City MO",103
"Memphis TN","Los Angeles CA",103
"Oklahoma City OK","Memphis TN",103
"San Juan PR","Baltimore MD",103
"St. Louis MO","Memphis TN",103
"Cleveland OH","Albany NY",104
"Oklahoma City OK","Detroit MI",104
"Pellston MI","Detroit MI",104
"Portland OR","New York NY",104
"Salt Lake City UT","Bend/Redmond OR",104
"Salt Lake City UT","Lewiston ID",104
"St. Louis MO","New Orleans LA",104
"New York NY","Long Beach CA",105
"Chicago IL","Charleston/Dunbar WV",106
"Detroit MI","Chattanooga TN",106
"Fort Lauderdale FL","Cleveland OH",106
"Los Angeles CA","Bakersfield CA",106
"Minneapolis MN","Hibbing MN",106
"Oakland CA","Chicago IL",106
"Pittsburgh PA","Cincinnati OH",106
"Pittsburgh PA","Minneapolis MN",106
"Portland OR","Boise ID",106
"Sacramento CA","Arcata/Eureka CA",106
"Scranton/Wilkes-Barre PA","Chicago IL",106
"St. Louis MO","Louisville KY",106
"Houston TX","Del Rio TX",107
"Milwaukee WI","Kansas City MO",107
"Minneapolis MN","Brainerd MN",107
"Norfolk VA","Newark NJ",107
"Ontario CA","Houston TX",107
"Denver CO","Columbus OH",108
"Escanaba MI","Detroit MI",108
"Greer SC","Baltimore MD",108
"Minneapolis MN","Fort Lauderdale FL",108
"Minneapolis MN","Louisville KY",108
"Raleigh/Durham NC","Fort Lauderdale FL",108
"Salt Lake City UT","Cedar City UT",108
"Salt Lake City UT","Orlando FL",108
"Spokane WA","Oakland CA",108
"St. Louis MO","Oklahoma City OK",108
"St. Louis MO","San Antonio TX",108
"Tulsa OK","St. Louis MO",108
"Watertown NY","Chicago IL",108
"Detroit MI","Bloomington/Normal IL",109
"Sarasota/Bradenton FL","Charlotte NC",109
"St. Louis MO","Philadelphia PA",109
"Huntsville AL","Detroit MI",110
"Marquette MI","Detroit MI",110
"Moline IL","Minneapolis MN",110
"Nashville TN","Austin TX",110
"New York NY","Cincinnati OH",110
"Oakland CA","Houston TX",110
"San Antonio TX","Baltimore MD",110
"Louisville KY","Detroit MI",111
"Memphis TN","Denver CO",111
"Newark NJ","Greer SC",111
"San Jose CA","Austin TX",111
"Detroit MI","Binghamton NY",112
"El Paso TX","Atlanta GA",112
"Harlingen/San Benito TX","Dallas TX",112
"Ithaca/Cortland NY","Detroit MI",112
"Kodiak AK","Anchorage AK",112
"Los Angeles CA","Cincinnati OH",112
"Rhinelander WI","Minneapolis MN",112
"Richmond VA","Boston MA",112
"San Antonio TX","Nashville TN",112
"San Francisco CA","Kona HI",112
"Scranton/Wilkes-Barre PA","Detroit MI",112
"St. Louis MO","Boston MA",112
"Tampa FL","Birmingham AL",112
"Louisville KY","Houston TX",113
"Oklahoma City OK","Kansas City MO",113
"Omaha NE","Charlotte NC",113
"Philadelphia PA","Nashville TN",113
"Richmond VA","New York NY",113
"San Diego CA","Albuquerque NM",113
"San Diego CA","Charlotte NC",113
"Tucson AZ","Albuquerque NM",113
"Atlanta GA","Appleton WI",114
"Cedar Rapids/Iowa City IA","Atlanta GA",114
"Charlotte NC","Albany NY",114
"Chicago IL","Asheville NC",114
"Fort Myers FL","Cleveland OH",114
"Kansas City MO","Indianapolis IN",114
"Lubbock TX","Denver CO",114
"New Bern/Morehead/Beaufort NC","Atlanta GA",114
"Oakland CA","Albuquerque NM",114
"Orlando FL","Memphis TN",114
"Pensacola FL","Charlotte NC",114
"Salt Lake City UT","Cincinnati OH",114
"Salt Lake City UT","Medford OR",114
"Sault Ste. Marie MI","Detroit MI",114
"Tucson AZ","Atlanta GA",114
"Washington DC","Knoxville TN",114
"Kansas City MO","Baltimore MD",115
"Nashville TN","Columbus OH",115
"San Diego CA","San Antonio TX",115
"San Francisco CA","Crescent City CA",115
"Washington DC","Rochester NY",115
"Dallas/Fort Worth TX","Chattanooga TN",116
"Dallas/Fort Worth TX","Columbus GA",116
"Denver CO","Bakersfield CA",116
"Grand Island NE","Dallas/Fort Worth TX",116
"Houston TX","Des Moines IA",116
"Milwaukee WI","Boston MA",116
"New Orleans LA","Birmingham AL",116
"New York NY","Memphis TN",116
"Oakland CA","Boise ID",116
"Panama City FL","Nashville TN",116
"Pittsburgh PA","Denver CO",116
"Reno NV","Portland OR",116
"Santa Ana CA","Newark NJ",116
"Sioux City IA","Chicago IL",116
"Springfield MO","Denver CO",116
"St. Louis MO","Fort Myers FL",116
"St. Louis MO","Nashville TN",116
"Waterloo IA","Chicago IL",116
"Spokane WA","Boise ID",117
"Birmingham AL","Baltimore MD",118
"Killeen TX","Atlanta GA",118
"Las Vegas NV","Cleveland OH",118
"Las Vegas NV","Indianapolis IN",118
"Mosinee WI","Detroit MI",118
"Oklahoma City OK","Minneapolis MN",118
"Panama City FL","Houston TX",118
"Phoenix AZ","Nashville TN",118
"Phoenix AZ","Oklahoma City OK",118
"Pittsburgh PA","Fort Myers FL",118
"Salt Lake City UT","Omaha NE",118
"San Antonio TX","Salt Lake City UT",118
"San Diego CA","Austin TX",118
"San Francisco CA","Kansas City MO",118
"Tampa FL","Providence RI",118
"Tulsa OK","Phoenix AZ",118
"Jackson WY","Denver CO",119
"Minneapolis MN","Boise ID",119
"Salt Lake City UT","Charlotte NC",119
"San Diego CA","Reno NV",119
"Greer SC","Detroit MI",120
"Las Vegas NV","Boston MA",120
"Minneapolis MN","Hartford CT",120
"Orlando FL","Norfolk VA",120
"Reno NV","Oakland CA",120
"San Diego CA","Baltimore MD",120
"State College PA","Detroit MI",120
"Baltimore MD","Austin TX",121
"Los Angeles CA","Baltimore MD",121
"Pittsburgh PA","Newark NJ",121
"Washington DC","Burlington VT",121
"Washington DC","Roanoke VA",121
"Eugene OR","Denver CO",122
"Los Angeles CA","Inyokern CA",122
"Philadelphia PA","Baltimore MD",122
"Philadelphia PA","New Orleans LA",122
"Salt Lake City UT","Butte MT",122
"Salt Lake City UT","Grand Junction CO",122
"Seattle WA","Juneau AK",122
"Williston ND","Minneapolis MN",122
"Columbia MO","Atlanta GA",123
"Houston TX","Charleston SC",123
"Minneapolis MN","Bemidji MN",123
"Nashville TN","Fort Lauderdale FL",123
"Sacramento CA","Chicago IL",123
"Sitka AK","Juneau AK",123
"Spokane WA","Las Vegas NV",123
"West Palm Beach/Palm Beach FL","Detroit MI",123
"Chicago IL","Charlottesville VA",124
"Dallas/Fort Worth TX","Brownsville TX",124
"Eau Claire WI","Chicago IL",124
"Fort Lauderdale FL","Austin TX",124
"Fort Myers FL","Akron OH",124
"Fort Myers FL","Columbus OH",124
"Fort Wayne IN","Dallas/Fort Worth TX",124
"Fresno CA","Dallas/Fort Worth TX",124
"Garden City KS","Dallas/Fort Worth TX",124
"Grand Forks ND","Denver CO",124
"Grand Junction CO","Dallas/Fort Worth TX",124
"Grand Rapids MI","Baltimore MD",124
"Hancock/Houghton MI","Chicago IL",124
"Honolulu HI","Dallas/Fort Worth TX",124
"Jackson/Vicksburg MS","Chicago IL",124
"Joplin MO","Dallas/Fort Worth TX",124
"Kahului HI","Hilo HI",124
"Kalamazoo MI","Chicago IL",124
"Lake Charles LA","Dallas/Fort Worth TX",124
"Laramie WY","Denver CO",124
"Las Vegas NV","Boise ID",124
"Longview TX","Dallas/Fort Worth TX",124
"Los Angeles CA","El Centro CA",124
"Manhattan/Ft. Riley KS","Chicago IL",124
"Miami FL","Charleston SC",124
"Miami FL","Cincinnati OH",124
"Miami FL","Columbus OH",124
"Miami FL","Gainesville FL",124
"Miami FL","Greensboro/High Point NC",124
"Miami FL","Louisville KY",124
"Midland/Odessa TX","Denver CO",124
"Minneapolis MN","Aberdeen SD",124
"Muskegon MI","Chicago IL",124
"New York NY","Aguadilla PR",124
"New York NY","Akron OH",124
"New York NY","Indianapolis IN",124
"Norfolk VA","Dallas/Fort Worth TX",124
"Norfolk VA","Miami FL",124
"Oakland CA","Kahului HI",124
"Oklahoma City OK","Las Vegas NV",124
"Omaha NE","Las Vegas NV",124
"Orlando FL","Akron OH",124
"Orlando FL","Birmingham AL",124
"Paducah KY","Chicago IL",124
"Phoenix AZ","Des Moines IA",124
"Phoenix AZ","Miami FL",124
"Pittsburgh PA","Boston MA",124
"Pittsburgh PA","Miami FL",124
"Portland OR","Anchorage AK",124
"Portland OR","Honolulu HI",124
"Portland OR","Kahului HI",124
"Reno NV","Chicago IL",124
"Reno NV","Dallas/Fort Worth TX",124
"Richmond VA","Orlando FL",124
"Sacramento CA","Long Beach CA",124
"Salt Lake City UT","Burbank CA",124
"Salt Lake City UT","Casper WY",124
"Salt Lake City UT","Colorado Springs CO",124
"Salt Lake City UT","Eugene OR",124
"Salt Lake City UT","Palm Springs CA",124
"Salt Lake City UT","Rock Springs WY",124
"San Diego CA","Honolulu HI",124
"San Francisco CA","Bakersfield CA",124
"San Jose CA","Houston TX",124
"San Jose CA","Kahului HI",124
"Santa Fe NM","Dallas/Fort Worth TX",124
"Spokane WA","Minneapolis MN",124
"St. Louis MO","Seattle WA",124
"Syracuse NY","Orlando FL",124
"Tampa FL","Cleveland OH",124
"Tampa FL","Columbus OH",124
"Tampa FL","Hartford CT",124
"Tampa FL","Milwaukee WI",124
"Tampa FL","St. Louis MO",124
"Washington DC","Fort Myers FL",124
"Washington DC","Portland OR",124
"Washington DC","San Juan PR",124
"West Palm Beach/Palm Beach FL","Houston TX",124
"West Palm Beach/Palm Beach FL","Islip NY",124
"Islip NY","Fort Lauderdale FL",125
"St. Louis MO","Cincinnati OH",125
"Knoxville TN","Houston TX",126
"New Orleans LA","Baltimore MD",126
"Orlando FL","Albany NY",126
"Roanoke VA","Chicago IL",126
"Salt Lake City UT","Austin TX",126
"Salt Lake City UT","Fresno CA",126
"Salt Lake City UT","Oklahoma City OK",126
"Atlanta GA","Albuquerque NM",127
"Washington DC","Savannah GA",127
"Wichita KS","Denver CO",127
"Great Falls MT","Denver CO",128
"Miami FL","Birmingham AL",128
"Phoenix AZ","Durango CO",128
"San Francisco CA","Bend/Redmond OR",128
"Savannah GA","Chicago IL",128
"Washington DC","Buffalo NY",128
"Newark NJ","Albany NY",129
"San Diego CA","Philadelphia PA",129
"Fort Lauderdale FL","Buffalo NY",130
"Portland ME","Baltimore MD",130
"Sacramento CA","Houston TX",130
"Dayton OH","Baltimore MD",131
"Rochester NY","Baltimore MD",131
"Houston TX","Fort Myers FL",132
"Las Vegas NV","Baltimore MD",132
"Milwaukee WI","Fort Myers FL",132
"Orlando FL","Manchester NH",132
"Portland OR","Houston TX",132
"Providence RI","Fort Lauderdale FL",132
"San Juan PR","Dallas/Fort Worth TX",132
"Valparaiso FL","Houston TX",132
"Washington DC","Albany NY",132
"Orlando FL","Austin TX",133
"Seattle WA","Ontario CA",133
"Los Angeles CA","Cleveland OH",134
"Nashville TN","Las Vegas NV",134
"Orlando FL","Kansas City MO",134
"Richmond VA","Cleveland OH",134
"Greensboro/High Point NC","Detroit MI",135
"Norfolk VA","Chicago IL",135
"Seattle WA","Palm Springs CA",136
"Sioux Falls SD","Dallas/Fort Worth TX",136
"Denver CO","Dayton OH",137
"Orlando FL","Cleveland OH",137
"San Antonio TX","Minneapolis MN",137
"San Jose CA","Chicago IL",137
"New York NY","Fayetteville AR",138
"Tampa FL","Indianapolis IN",138
"Newark NJ","Indianapolis IN",139
"Washington DC","Austin TX",139
"Newburgh/Poughkeepsie NY","Detroit MI",140
"Syracuse NY","Charlotte NC",140
"Hayden CO","Denver CO",142
"Las Vegas NV","Honolulu HI",142
"Portland OR","Ontario CA",142
"Sioux Falls SD","Denver CO",142
"White Plains NY","Detroit MI",142
"Washington DC","Jacksonville FL",143
"Charlotte NC","Birmingham AL",144
"Detroit MI","Burlington VT",144
"Hartford CT","Cincinnati OH",144
"San Francisco CA","Kahului HI",144
"San Juan PR","Charlotte Amalie VI",145
"San Juan PR","Charlotte NC",145
"Buffalo NY","Boston MA",146
"Denver CO","Billings MT",146
"Seattle WA","Philadelphia PA",147
"Eagle CO","Dallas/Fort Worth TX",148
"Greensboro/High Point NC","Charlotte NC",148
"Minot ND","Minneapolis MN",148
"San Antonio TX","Memphis TN",148
"Cincinnati OH","Baltimore MD",150
"Memphis TN","Austin TX",150
"Memphis TN","Indianapolis IN",150
"New Orleans LA","Memphis TN",150
"Newark NJ","Memphis TN",150
"Washington DC","Salt Lake City UT",150
"Denver CO","Cedar Rapids/Iowa City IA",151
"Detroit MI","Allentown/Bethlehem/Easton PA",151
"Madison WI","Denver CO",151
"San Antonio TX","Detroit MI",151
"San Juan PR","Newark NJ",151
"Newark NJ","Grand Rapids MI",152
"Norfolk VA","New York NY",152
"Brunswick GA","Atlanta GA",154
"Salt Lake City UT","Great Falls MT",154
"San Antonio TX","El Paso TX",154
"Washington DC","Memphis TN",154
"Houston TX","Greer SC",156
"Mosinee WI","Minneapolis MN",156
"Washington DC","Richmond VA",156
"Lexington KY","Detroit MI",158
"Little Rock AR","Denver CO",158
"Newark NJ","Louisville KY",158
"Portland ME","Detroit MI",158
"Portland OR","Atlanta GA",158
"Salt Lake City UT","Baltimore MD",158
"Salt Lake City UT","Helena MT",158
"St. Louis MO","Salt Lake City UT",158
"Seattle WA","Detroit MI",159
"Washington DC","Kansas City MO",159
"Lincoln NE","Denver CO",160
"Memphis TN","Cincinnati OH",160
"Pasco/Kennewick/Richland WA","Denver CO",160
"Huntsville AL","Houston TX",161
"St. Louis MO","Omaha NE",161
"Fresno CA","Denver CO",162
"Idaho Falls ID","Denver CO",162
"Louisville KY","Baltimore MD",162
"Minneapolis MN","Lincoln NE",162
"Monroe LA","Houston TX",162
"Phoenix AZ","Monterey CA",162
"Santa Barbara CA","Denver CO",162
"Seattle WA","Fairbanks AK",162
"Syracuse NY","Detroit MI",162
"Washington DC","Greensboro/High Point NC",162
"Indianapolis IN","Baltimore MD",163
"Salt Lake City UT","Kalispell MT",163
"Erie PA","Detroit MI",164
"Houston TX","Amarillo TX",164
"Salt Lake City UT","Memphis TN",164
"Spokane WA","Phoenix AZ",164
"Charlotte NC","Austin TX",165
"Los Angeles CA","Kansas City MO",165
"Lubbock TX","Houston TX",165
"Newark NJ","Dayton OH",165
"San Antonio TX","Charlotte NC",165
"Washington DC","Charleston SC",165
"Bethel AK","Anchorage AK",166
"Detroit MI","Austin TX",166
"Detroit MI","Des Moines IA",166
"Manhattan/Ft. Riley KS","Dallas/Fort Worth TX",166
"Nashville TN","Miami FL",166
"Richmond VA","Detroit MI",166
"St. Louis MO","Miami FL",166
"Greensboro/High Point NC","Chicago IL",167
"Washington DC","Providence RI",167
"Chicago IL","Allentown/Bethlehem/Easton PA",168
"El Paso TX","Austin TX",168
"Huntsville AL","Chicago IL",168
"Nashville TN","Kansas City MO",168
"Peoria IL","Detroit MI",168
"Providence RI","Atlanta GA",168
"San Diego CA","Minneapolis MN",168
"Columbus MS","Atlanta GA",169
"Flint MI","Detroit MI",169
"Laredo TX","Houston TX",169
"New Orleans LA","Fort Lauderdale FL",169
"Salt Lake City UT","Elko NV",169
"Salt Lake City UT","Pocatello ID",169
"Santa Ana CA","Minneapolis MN",169
"Dallas/Fort Worth TX","Columbia SC",170
"Miami FL","Cleveland OH",170
"Oklahoma City OK","Los Angeles CA",170
"Santa Ana CA","Portland OR",170
"Tucson AZ","San Diego CA",170
"Washington DC","Columbia SC",170
"Charleston SC","Baltimore MD",172
"Detroit MI","Birmingham AL",172
"Detroit MI","Dayton OH",172
"Fort Smith AR","Atlanta GA",172
"Madison WI","Atlanta GA",172
"Manchester NH","Detroit MI",172
"Moline IL","Detroit MI",172
"Omaha NE","Detroit MI",172
"Salt Lake City UT","Kansas City MO",172
"San Francisco CA","Fort Lauderdale FL",172
"Tampa FL","Raleigh/Durham NC",172
"Valdosta GA","Atlanta GA",172
"Wichita KS","Minneapolis MN",172
"Knoxville TN","Detroit MI",173
"Nashville TN","Jacksonville FL",173
"Newark NJ","Charleston SC",173
"Portland OR","Minneapolis MN",173
"Atlanta GA","Albany GA",174
"Atlanta GA","Albany NY",174
"Charlottesville VA","Atlanta GA",174
"Des Moines IA","Atlanta GA",174
"Detroit MI","Akron OH",174
"Evansville IN","Detroit MI",174
"Fort Wayne IN","Atlanta GA",174
"Minneapolis MN","Columbus OH",174
"Minneapolis MN","Dayton OH",174
"Minneapolis MN","La Crosse WI",174
"Orlando FL","Cincinnati OH",174
"Salt Lake City UT","Albuquerque NM",174
"San Francisco CA","Detroit MI",174
"Milwaukee WI","Baltimore MD",175
"Atlanta GA","Allentown/Bethlehem/Easton PA",176
"Bloomington/Normal IL","Atlanta GA",176
"Columbia SC","Chicago IL",176
"Juneau AK","Anchorage AK",176
"Minneapolis MN","Austin TX",176
"Moline IL","Atlanta GA",176
"Newark NJ","Greensboro/High Point NC",176
"Peoria IL","Atlanta GA",176
"Philadelphia PA","Cincinnati OH",176
"Portland OR","Long Beach CA",176
"Seattle WA","Burbank CA",176
"South Bend IN","Atlanta GA",176
"Syracuse NY","Atlanta GA",176
"Yuma AZ","Los Angeles CA",176
"Dallas TX","Birmingham AL",177
"Detroit MI","Cleveland OH",177
"Tampa FL","New Orleans LA",177
"Tyler TX","Houston TX",177
"White Plains NY","Fort Lauderdale FL",177
"Dallas/Fort Worth TX","Charleston SC",178
"Dayton OH","Dallas/Fort Worth TX",178
"Gillette WY","Denver CO",178
"Greensboro/High Point NC","Dallas/Fort Worth TX",178
"Greer SC","Dallas/Fort Worth TX",178
"Huntsville AL","Dallas/Fort Worth TX",178
"Kansas City MO","Detroit MI",178
"Lansing MI","Chicago IL",178
"Lexington KY","Dallas/Fort Worth TX",178
"Milwaukee WI","Houston TX",178
"Mobile AL","Dallas/Fort Worth TX",178
"Moline IL","Dallas/Fort Worth TX",178
"Monroe LA","Dallas/Fort Worth TX",178
"Montgomery AL","Dallas/Fort Worth TX",178
"Phoenix AZ","Bakersfield CA",178
"Phoenix AZ","Columbus OH",178
"Pittsburgh PA","Phoenix AZ",178
"Portland OR","Eugene OR",178
"Richmond VA","Dallas/Fort Worth TX",178
"Roswell NM","Dallas/Fort Worth TX",178
"Springfield IL","Chicago IL",178
"Tampa FL","Pittsburgh PA",178
"Texarkana AR","Dallas/Fort Worth TX",178
"Tucson AZ","Salt Lake City UT",178
"El Paso TX","Chicago IL",179
"Las Vegas NV","El Paso TX",179
"Memphis TN","Houston TX",179
"Minneapolis MN","Memphis TN",179
"Pittsburgh PA","Baltimore MD",179
"Harrisburg PA","Charlotte NC",180
"Kansas City MO","Cleveland OH",180
"San Diego CA","Newark NJ",180
"San Luis Obispo CA","Phoenix AZ",180
"Springfield MO","Chicago IL",180
"Lincoln NE","Chicago IL",181
"Milwaukee WI","Las Vegas NV",181
"Omaha NE","Minneapolis MN",181
"Houston TX","College Station/Bryan TX",182
"Las Vegas NV","Austin TX",182
"Phoenix AZ","Grand Junction CO",182
"Tampa FL","Minneapolis MN",182
"Rapid City SD","Denver CO",183
"Grand Rapids MI","Atlanta GA",184
"New Orleans LA","Los Angeles CA",184
"Phoenix AZ","Honolulu HI",184
"Portland OR","Burbank CA",184
"San Diego CA","Portland OR",184
"Santa Ana CA","Atlanta GA",184
"Missoula MT","Denver CO",185
"Salt Lake City UT","Jackson WY",185
"San Francisco CA","Modesto CA",185
"St. Louis MO","Las Vegas NV",185
"Washington DC","Las Vegas NV",185
"West Palm Beach/Palm Beach FL","Baltimore MD",185
"Dallas/Fort Worth TX","Alexandria LA",186
"Dallas/Fort Worth TX","Birmingham AL",186
"Fort Myers FL","Dallas/Fort Worth TX",186
"Grand Rapids MI","Dallas/Fort Worth TX",186
"Gulfport/Biloxi MS","Dallas/Fort Worth TX",186
"Hartford CT","Dallas/Fort Worth TX",186
"Houston TX","Fayetteville AR",186
"Jacksonville FL","Baltimore MD",186
"Madison WI","Dallas/Fort Worth TX",186
"Miami FL","Baltimore MD",186
"Miami FL","Charlotte Amalie VI",186
"Miami FL","Denver CO",186
"Miami FL","Indianapolis IN",186
"Minneapolis MN","Miami FL",186
"New Orleans LA","Miami FL",186
"Palm Springs CA","Dallas/Fort Worth TX",186
"Palm Springs CA","Las Vegas NV",186
"Pensacola FL","Miami FL",186
"Peoria IL","Dallas/Fort Worth TX",186
"Phoenix AZ","Boise ID",186
"Phoenix AZ","Fort Lauderdale FL",186
"Raleigh/Durham NC","Miami FL",186
"Rock Springs WY","Denver CO",186
"Saginaw/Bay City/Midland MI","Chicago IL",186
"San Francisco CA","Chico CA",186
"San Francisco CA","Miami FL",186
"Savannah GA","Dallas/Fort Worth TX",186
"Seattle WA","Kahului HI",186
"Seattle WA","Ketchikan AK",186
"Spokane WA","Seattle WA",186
"Tucson AZ","Chicago IL",186
"West Palm Beach/Palm Beach FL","Chicago IL",186
"West Palm Beach/Palm Beach FL","Dallas/Fort Worth TX",186
"Wichita Falls TX","Dallas/Fort Worth TX",186
"Williston ND","Denver CO",186
"Indianapolis IN","Chicago IL",187
"Kona HI","Kahului HI",187
"Lihue HI","Kahului HI",187
"Ontario CA","Denver CO",187
"Pittsburgh PA","Detroit MI",187
"Portland OR","Bend/Redmond OR",187
"Traverse City MI","Detroit MI",188
"Twin Falls ID","Salt Lake City UT",188
"Los Angeles CA","Colorado Springs CO",189
"San Francisco CA","Redding CA",189
"Washington DC","Norfolk VA",189
"Houston TX","Colorado Springs CO",190
"Indianapolis IN","Fort Myers FL",190
"Jacksonville FL","Chicago IL",190
"Memphis TN","Detroit MI",190
"Providence RI","Chicago IL",190
"San Francisco CA","Orlando FL",190
"Tampa FL","San Juan PR",190
"Indianapolis IN","Charlotte NC",191
"Reno NV","Denver CO",192
"Greer SC","Chicago IL",195
"Cincinnati OH","Boston MA",196
"Los Angeles CA","Kona HI",196
"Montrose/Delta CO","Denver CO",196
"Orlando FL","Islip NY",196
"Hartford CT","Fort Lauderdale FL",198
"Moline IL","Chicago IL",198
"San Francisco CA","Long Beach CA",198
"New York NY","Jacksonville FL",199
"White Plains NY","Chicago IL",199
"Denver CO","Bozeman MT",200
"Newark NJ","Burlington VT",200
"Tampa FL","Phoenix AZ",200
"Duluth MN","Chicago IL",201
"Killeen TX","Houston TX",201
"Minneapolis MN","Baltimore MD",201
"Phoenix AZ","Orlando FL",201
"Rochester NY","Detroit MI",202
"Washington DC","Hartford CT",204
"Houston TX","Alexandria LA",205
"Pittsburgh PA","Philadelphia PA",205
"Raleigh/Durham NC","Detroit MI",206
"Newark NJ","Milwaukee WI",207
"Minneapolis MN","Appleton WI",208
"Detroit MI","Cedar Rapids/Iowa City IA",209
"Peoria IL","Chicago IL",210
"Tampa FL","Boston MA",210
"White Plains NY","West Palm Beach/Palm Beach FL",210
"Denver CO","Cleveland OH",211
"Kansas City MO","Charlotte NC",212
"Oakland CA","Denver CO",212
"Orlando FL","Milwaukee WI",212
"Chicago IL","Albuquerque NM",214
"Chicago IL","Aspen CO",214
"Houston TX","Boston MA",214
"Minneapolis MN","Cedar Rapids/Iowa City IA",214
"San Antonio TX","Denver CO",214
"Santa Maria CA","Los Angeles CA",214
"Rapid City SD","Minneapolis MN",215
"Columbus GA","Atlanta GA",216
"Detroit MI","Appleton WI",216
"Harrisburg PA","Detroit MI",216
"Oakland CA","Long Beach CA",216
"St. Louis MO","Charlotte NC",216
"Atlanta GA","Alexandria LA",218
"El Paso TX","Denver CO",218
"Newark NJ","Manchester NH",218
"Salt Lake City UT","Pasco/Kennewick/Richland WA",218
"Newark NJ","Jacksonville FL",219
"Syracuse NY","New York NY",220
"Tucson AZ","Houston TX",220
"Grand Rapids MI","Chicago IL",221
"Portland ME","New York NY",221
"Raleigh/Durham NC","Nashville TN",221
"Salt Lake City UT","Missoula MT",221
"New Orleans LA","Nashville TN",223
"Newark NJ","Nashville TN",223
"Fort Wayne IN","Detroit MI",224
"Monroe LA","Atlanta GA",224
"Tallahassee FL","Miami FL",224
"Newark NJ","Kansas City MO",225
"San Antonio TX","Los Angeles CA",225
"Hartford CT","Detroit MI",226
"Los Angeles CA","El Paso TX",226
"Salt Lake City UT","Ontario CA",226
"Savannah GA","Charlotte NC",226
"St. Louis MO","Los Angeles CA",226
"White Plains NY","Orlando FL",226
"Jacksonville FL","Fort Lauderdale FL",227
"Columbus OH","Baltimore MD",228
"Houston TX","Cincinnati OH",228
"San Diego CA","New York NY",228
"Lake Charles LA","Houston TX",229
"Omaha NE","Atlanta GA",229
"Colorado Springs CO","Chicago IL",230
"Phoenix AZ","Boston MA",230
"Phoenix AZ","Indianapolis IN",230
"Charlotte NC","Buffalo NY",232
"Dothan AL","Atlanta GA",232
"Evansville IN","Chicago IL",232
"Sarasota/Bradenton FL","New York NY",232
"Springfield MO","Atlanta GA",232
"St. Louis MO","Baltimore MD",232
"Tampa FL","Nashville TN",232
"Detroit MI","Albany NY",233
"Evansville IN","Atlanta GA",234
"Newark NJ","Buffalo NY",234
"Norfolk VA","Baltimore MD",234
"Norfolk VA","Detroit MI",234
"Orlando FL","Columbus OH",234
"San Jose CA","Salt Lake City UT",234
"San Juan PR","Philadelphia PA",234
"Grand Rapids MI","Detroit MI",236
"Las Vegas NV","Kansas City MO",236
"New York NY","Austin TX",236
"Salt Lake City UT","Reno NV",236
"Denver CO","Amarillo TX",237
"Lafayette LA","Atlanta GA",237
"Roanoke VA","Atlanta GA",237
"Las Vegas NV","Fresno CA",238
"Palm Springs CA","Denver CO",238
"Manchester NH","Chicago IL",239
"Mosinee WI","Chicago IL",239
"Salt Lake City UT","Billings MT",239
"Washington DC","Milwaukee WI",239
"Chicago IL","Appleton WI",240
"Dallas/Fort Worth TX","College Station/Bryan TX",240
"Dallas/Fort Worth TX","Columbus OH",240
"Fort Smith AR","Dallas/Fort Worth TX",240
"Harrisburg PA","Chicago IL",240
"Jacksonville FL","Dallas/Fort Worth TX",240
"Knoxville TN","Dallas/Fort Worth TX",240
"Lafayette LA","Dallas/Fort Worth TX",240
"Laredo TX","Dallas/Fort Worth TX",240
"Milwaukee WI","Dallas/Fort Worth TX",240
"Mission/McAllen/Edinburg TX","Dallas/Fort Worth TX",240
"Pittsburgh PA","Dallas/Fort Worth TX",240
"San Angelo TX","Dallas/Fort Worth TX",240
"Tyler TX","Dallas/Fort Worth TX",240
"Valparaiso FL","Dallas/Fort Worth TX",240
"Waco TX","Dallas/Fort Worth TX",240
"Washington DC","Phoenix AZ",240
"Wichita KS","Dallas/Fort Worth TX",240
"Milwaukee WI","Cleveland OH",241
"Chicago IL","Charleston SC",242
"Dallas TX","Atlanta GA",242
"Miami FL","Detroit MI",242
"Minneapolis MN","Fort Myers FL",242
"Nashville TN","Los Angeles CA",242
"Raleigh/Durham NC","Orlando FL",242
"San Antonio TX","Las Vegas NV",242
"Baltimore MD","Albany NY",243
"Salt Lake City UT","Bozeman MT",243
"Melbourne FL","Atlanta GA",244
"Myrtle Beach SC","Charlotte NC",244
"San Juan PR","Boston MA",244
"South Bend IN","Chicago IL",245
"Wilmington NC","Charlotte NC",245
"Houston TX","Columbus OH",246
"Los Angeles CA","Lihue HI",246
"New York NY","Burlington VT",246
"Orlando FL","New Orleans LA",246
"Phoenix AZ","Omaha NE",246
"San Francisco CA","Austin TX",246
"St. Louis MO","Orlando FL",246
"Cincinnati OH","Charlotte NC",247
"Daytona Beach FL","Atlanta GA",247
"Orlando FL","Nashville TN",247
"Phoenix AZ","Baltimore MD",247
"Las Vegas NV","Albuquerque NM",248
"Miami FL","Las Vegas NV",248
"Ontario CA","Dallas/Fort Worth TX",248
"Portland OR","Dallas/Fort Worth TX",248
"Sacramento CA","Dallas/Fort Worth TX",248
"Salt Lake City UT","Detroit MI",248
"San Francisco CA","Ontario CA",248
"Washington DC","San Diego CA",248
"Nashville TN","Minneapolis MN",249
"Tucson AZ","Las Vegas NV",249
"Minneapolis MN","Grand Rapids MI",250
"Orlando FL","Indianapolis IN",250
"San Francisco CA","Charlotte NC",250
"Seattle WA","New York NY",250
"Key West FL","Atlanta GA",252
"Pensacola FL","Houston TX",252
"Phoenix AZ","New York NY",252
"Traverse City MI","Chicago IL",252
"Washington DC","Seattle WA",252
"Fort Myers FL","Baltimore MD",254
"Chicago IL","Albany NY",256
"Newark NJ","Minneapolis MN",256
"Seattle WA","Newark NJ",256
"Dallas/Fort Worth TX","Colorado Springs CO",258
"Philadelphia PA","Fort Myers FL",258
"Denver CO","Albuquerque NM",259
"Tampa FL","Denver CO",260
"Sun Valley/Hailey/Ketchum ID","Salt Lake City UT",261
"Fargo ND","Denver CO",262
"Newark NJ","Fort Myers FL",263
"Salt Lake City UT","Idaho Falls ID",263
"Mobile AL","Houston TX",264
"Denver CO","Burbank CA",265
"Chicago IL","Akron OH",266
"Green Bay WI","Detroit MI",268
"Rochester MN","Minneapolis MN",268
"St. Louis MO","Kansas City MO",268
"Los Angeles CA","Aspen CO",269
"Nashville TN","Cleveland OH",269
"Orlando FL","Hartford CT",270
"Phoenix AZ","Long Beach CA",270
"Pittsburgh PA","Houston TX",270
"Providence RI","Detroit MI",270
"South Bend IN","Detroit MI",270
"San Francisco CA","Fresno CA",271
"New York NY","Baltimore MD",272
"Santa Ana CA","Salt Lake City UT",272
"Detroit MI","Cincinnati OH",273
"Minneapolis MN","Kansas City MO",273
"Salt Lake City UT","Boise ID",273
"Denver CO","Casper WY",274
"Salt Lake City UT","Sacramento CA",274
"Minneapolis MN","Boston MA",275
"New York NY","Milwaukee WI",275
"Richmond VA","Newark NJ",275
"Harrisburg PA","Atlanta GA",276
"Spokane WA","Salt Lake City UT",276
"Wichita KS","Houston TX",276
"Oklahoma City OK","Dallas TX",277
"San Jose CA","Ontario CA",277
"Chicago IL","Birmingham AL",278
"Houston TX","Gulfport/Biloxi MS",278
"Long Beach CA","Las Vegas NV",278
"San Diego CA","Salt Lake City UT",278
"Seattle WA","Long Beach CA",278
"Fort Lauderdale FL","Denver CO",280
"Minot ND","Denver CO",280
"Shreveport LA","Houston TX",280
"Jacksonville/Camp Lejeune NC","Atlanta GA",281
"Minneapolis MN","Green Bay WI",281
"Saginaw/Bay City/Midland MI","Detroit MI",281
"Spokane WA","Denver CO",281
"Houston TX","Brownsville TX",282
"Portland OR","Oakland CA",282
"Raleigh/Durham NC","Houston TX",282
"Des Moines IA","Denver CO",283
"Hartford CT","Charlotte NC",284
"Phoenix AZ","Milwaukee WI",284
"Portland ME","Newark NJ",284
"Tulsa OK","Dallas TX",284
"Chicago IL","Cedar Rapids/Iowa City IA",285
"Providence RI","Charlotte NC",285
"Charleston/Dunbar WV","Atlanta GA",288
"Cleveland OH","Charlotte NC",288
"Tulsa OK","Atlanta GA",288
"Lubbock TX","Dallas TX",290
"Midland/Odessa TX","Dallas TX",290
"Myrtle Beach SC","Atlanta GA",290
"Las Vegas NV","Charlotte NC",291
"Little Rock AR","Dallas TX",291
"St. George UT","Salt Lake City UT",291
"Islip NY","Baltimore MD",292
"Minneapolis MN","Des Moines IA",292
"Oklahoma City OK","Atlanta GA",292
"Sacramento CA","Portland OR",292
"San Diego CA","Atlanta GA",292
"Shreveport LA","Atlanta GA",292
"Cleveland OH","Baltimore MD",293
"Jacksonville FL","Houston TX",293
"Palm Springs CA","Los Angeles CA",293
"Chicago IL","Champaign/Urbana IL",294
"Elmira/Corning NY","Detroit MI",294
"Fayetteville AR","Atlanta GA",294
"Memphis TN","Dallas/Fort Worth TX",294
"Raleigh/Durham NC","Dallas/Fort Worth TX",294
"San Francisco CA","Boise ID",294
"Denver CO","Bismarck/Mandan ND",296
"Los Angeles CA","Detroit MI",297
"Tampa FL","Fort Lauderdale FL",297
"Wilmington NC","Atlanta GA",297
"Phoenix AZ","Flagstaff AZ",298
"West Palm Beach/Palm Beach FL","Boston MA",298
"Denver CO","Charlotte NC",299
"Rochester NY","Atlanta GA",299
"Denver CO","Baltimore MD",300
"San Francisco CA","Honolulu HI",300
"Washington DC","Minneapolis MN",300
"Grand Junction CO","Denver CO",301
"Los Angeles CA","Charlotte NC",301
"Minneapolis MN","Los Angeles CA",301
"Salt Lake City UT","Minneapolis MN",301
"Dallas/Fort Worth TX","Baltimore MD",302
"Gulfport/Biloxi MS","Atlanta GA",302
"Louisville KY","Dallas/Fort Worth TX",302
"Omaha NE","Dallas/Fort Worth TX",302
"Pensacola FL","Dallas/Fort Worth TX",302
"Phoenix AZ","Fresno CA",302
"San Jose CA","Dallas/Fort Worth TX",302
"Buffalo NY","Baltimore MD",303
"Santa Barbara CA","Phoenix AZ",303
"West Palm Beach/Palm Beach FL","Philadelphia PA",304
"Detroit MI","Buffalo NY",305
"Indianapolis IN","Denver CO",305
"Minneapolis MN","Cleveland OH",307
"Norfolk VA","Charlotte NC",307
"Fort Myers FL","Detroit MI",308
"New Orleans LA","Denver CO",308
"Flint MI","Atlanta GA",309
"New Orleans LA","Chicago IL",309
"San Luis Obispo CA","Los Angeles CA",309
"Des Moines IA","Dallas/Fort Worth TX",310
"Indianapolis IN","Dallas/Fort Worth TX",310
"Lawton/Fort Sill OK","Dallas/Fort Worth TX",310
"Miami FL","Jacksonville FL",310
"Portland OR","Chicago IL",310
"San Luis Obispo CA","San Francisco CA",310
"Seattle WA","Honolulu HI",310
"Washington DC","St. Louis MO",311
"Denver CO","Austin TX",312
"Denver CO","Boston MA",312
"Minneapolis MN","Indianapolis IN",312
"Minneapolis MN","Madison WI",312
"San Francisco CA","Burbank CA",312
"San Francisco CA","Monterey CA",312
"San Francisco CA","Reno NV",313
"Houston TX","Cleveland OH",315
"Orlando FL","Buffalo NY",315
"Minneapolis MN","Charlotte NC",316
"Omaha NE","Houston TX",316
"Pittsburgh PA","Orlando FL",317
"Charlotte NC","Charleston SC",318
"Lansing MI","Detroit MI",318
"Dayton OH","Chicago IL",321
"San Jose CA","Portland OR",321
"Philadelphia PA","New York NY",322
"Yuma AZ","Phoenix AZ",322
"Kalamazoo MI","Detroit MI",324
"San Juan PR","Atlanta GA",325
"St. Louis MO","New York NY",325
"Minneapolis MN","Duluth MN",326
"Providence RI","Orlando FL",326
"Detroit MI","Boston MA",327
"Minneapolis MN","Grand Forks ND",327
"Nashville TN","Baltimore MD",328
"San Francisco CA","Minneapolis MN",328
"Milwaukee WI","Detroit MI",329
"Hartford CT","Atlanta GA",330
"Minneapolis MN","Las Vegas NV",331
"St. Louis MO","Detroit MI",331
"Newport News/Williamsburg VA","Atlanta GA",332
"Salt Lake City UT","New York NY",333
"Louisville KY","Chicago IL",335
"Denver CO","Colorado Springs CO",336
"Houston TX","Baltimore MD",337
"Philadelphia PA","Las Vegas NV",337
"Richmond VA","Charlotte NC",337
"Tucson AZ","Denver CO",337
"Dallas TX","Amarillo TX",338
"Lexington KY","Chicago IL",338
"Los Angeles CA","Fort Lauderdale FL",338
"White Plains NY","Atlanta GA",338
"Fort Myers FL","Charlotte NC",339
"Syracuse NY","Chicago IL",339
"Fort Lauderdale FL","Boston MA",340
"New Orleans LA","Charlotte NC",340
"San Francisco CA","Eugene OR",340
"San Francisco CA","Medford OR",340
"Santa Ana CA","Houston TX",340
"Washington DC","Cincinnati OH",340
"Salt Lake City UT","Houston TX",343
"Minneapolis MN","Fargo ND",344
"Phoenix AZ","Kansas City MO",344
"Rochester NY","New York NY",345
"New York NY","Fort Myers FL",347
"Dallas/Fort Worth TX","Cedar Rapids/Iowa City IA",348
"Fort Wayne IN","Chicago IL",348
"Los Angeles CA","Austin TX",348
"St. Louis MO","Phoenix AZ",348
"Minneapolis MN","Bismarck/Mandan ND",349
"Newark NJ","Cleveland OH",349
"Newark NJ","Las Vegas NV",349
"Little Rock AR","Houston TX",350
"Sarasota/Bradenton FL","Atlanta GA",351
"Nashville TN","Charlotte NC",352
"Philadelphia PA","Denver CO",352
"Newark NJ","Baltimore MD",353
"Raleigh/Durham NC","Newark NJ",353
"Salt Lake City UT","Portland OR",355
"Las Vegas NV","Detroit MI",356
"Orlando FL","Minneapolis MN",356
"Midland/Odessa TX","Dallas/Fort Worth TX",357
"Panama City FL","Atlanta GA",358
"West Palm Beach/Palm Beach FL","Charlotte NC",358
"Knoxville TN","Chicago IL",359
"Phoenix AZ","Palm Springs CA",360
"Cincinnati OH","Atlanta GA",362
"Fort Lauderdale FL","Detroit MI",362
"Salt Lake City UT","Long Beach CA",362
"Dallas/Fort Worth TX","Cleveland OH",363
"Oklahoma City OK","Denver CO",364
"Reno NV","Phoenix AZ",364
"Seattle WA","San Jose CA",364
"Hartford CT","Baltimore MD",366
"Little Rock AR","Atlanta GA",366
"Ontario CA","Las Vegas NV",366
"Tampa FL","Detroit MI",366
"San Francisco CA","Arcata/Eureka CA",370
"Seattle WA","Houston TX",370
"New Orleans LA","Dallas/Fort Worth TX",372
"Orlando FL","Los Angeles CA",372
"Tampa FL","Miami FL",372
"Miami FL","Key West FL",373
"St. Louis MO","Houston TX",375
"Philadelphia PA","Minneapolis MN",378
"Minneapolis MN","Houston TX",380
"Raleigh/Durham NC","Philadelphia PA",380
"Indianapolis IN","Detroit MI",382
"Madison WI","Detroit MI",383
"Sioux Falls SD","Minneapolis MN",383
"Nashville TN","Denver CO",384
"Philadelphia PA","Miami FL",384
"Tulsa OK","Chicago IL",384
"Denver CO","Boise ID",385
"Tulsa OK","Denver CO",386
"Los Angeles CA","Kahului HI",387
"Rochester NY","Chicago IL",388
"Fairbanks AK","Anchorage AK",389
"Omaha NE","Denver CO",389
"Portland OR","Las Vegas NV",389
"Detroit MI","Denver CO",390
"Green Bay WI","Chicago IL",390
"Jacksonville FL","Charlotte NC",392
"Richmond VA","Chicago IL",392
"Sioux Falls SD","Chicago IL",392
"San Jose CA","Denver CO",393
"St. Louis MO","Minneapolis MN",393
"El Paso TX","Dallas TX",396
"Chicago IL","Austin TX",397
"Houston TX","Birmingham AL",397
"Bristol/Johnson City/Kingsport TN","Atlanta GA",398
"Fargo ND","Chicago IL",398
"Santa Ana CA","Sacramento CA",399
"Ontario CA","Oakland CA",400
"Minneapolis MN","Cincinnati OH",401
"Seattle WA","San Diego CA",402
"Memphis TN","Chicago IL",404
"Dallas TX","Albuquerque NM",407
"Manchester NH","Baltimore MD",407
"Baton Rouge LA","Atlanta GA",410
"Fort Myers FL","Boston MA",410
"Indianapolis IN","Houston TX",410
"St. Louis MO","Denver CO",410
"Houston TX","Baton Rouge LA",411
"Salt Lake City UT","Oakland CA",411
"Seattle WA","Atlanta GA",411
"Tampa FL","Newark NJ",412
"Jackson/Vicksburg MS","Atlanta GA",413
"San Diego CA","Houston TX",413
"Fort Lauderdale FL","Dallas/Fort Worth TX",414
"Gainesville FL","Atlanta GA",414
"Madison WI","Chicago IL",414
"Houston TX","Albuquerque NM",415
"Wichita KS","Chicago IL",415
"Los Angeles CA","Albuquerque NM",416
"Memphis TN","Charlotte NC",416
"San Antonio TX","Phoenix AZ",417
"Dallas/Fort Worth TX","Amarillo TX",418
"Houston TX","Fort Lauderdale FL",418
"Sacramento CA","Denver CO",418
"Seattle WA","Portland OR",418
"Seattle WA","Santa Ana CA",418
"Phoenix AZ","Detroit MI",420
"Lexington KY","Atlanta GA",422
"New York NY","New Orleans LA",422
"St. Louis MO","Newark NJ",424
"Dallas/Fort Worth TX","Abilene TX",426
"Jackson/Vicksburg MS","Dallas/Fort Worth TX",426
"Little Rock AR","Dallas/Fort Worth TX",426
"Monterey CA","Los Angeles CA",426
"Oklahoma City OK","Dallas/Fort Worth TX",426
"Springfield MO","Dallas/Fort Worth TX",426
"Tampa FL","Baltimore MD",426
"Tucson AZ","Dallas/Fort Worth TX",426
"Seattle WA","Minneapolis MN",428
"Milwaukee WI","Denver CO",429
"Newark NJ","Denver CO",429
"Seattle WA","Sacramento CA",431
"Washington DC","Nashville TN",431
"Miami FL","Boston MA",434
"San Francisco CA","Sacramento CA",434
"Tampa FL","Dallas/Fort Worth TX",434
"Dallas/Fort Worth TX","Albuquerque NM",436
"San Francisco CA","Newark NJ",436
"Tampa FL","Philadelphia PA",436
"Jackson/Vicksburg MS","Houston TX",437
"Nashville TN","Detroit MI",438
"Sacramento CA","Ontario CA",438
"Philadelphia PA","Detroit MI",440
"Sacramento CA","Burbank CA",440
"Salt Lake City UT","Atlanta GA",440
"Newark NJ","Los Angeles CA",441
"Orlando FL","Denver CO",441
"Newark NJ","Cincinnati OH",443
"San Antonio TX","Chicago IL",443
"Oklahoma City OK","Chicago IL",444
"Buffalo NY","Atlanta GA",445
"Phoenix AZ","Philadelphia PA",445
"Austin TX","Atlanta GA",446
"Montgomery AL","Atlanta GA",446
"Detroit MI","Baltimore MD",447
"San Juan PR","Fort Lauderdale FL",447
"San Jose CA","Burbank CA",448
"Dallas/Fort Worth TX","Cincinnati OH",450
"Fayetteville NC","Atlanta GA",450
"Philadelphia PA","Los Angeles CA",451
"Seattle WA","Salt Lake City UT",452
"New Orleans LA","Dallas TX",453
"Pittsburgh PA","New York NY",453
"Santa Ana CA","Oakland CA",453
"Atlanta GA","Asheville NC",458
"Los Angeles CA","Carlsbad CA",458
"Providence RI","Baltimore MD",458
"Santa Ana CA","San Jose CA",458
"Greensboro/High Point NC","Atlanta GA",460
"Kansas City MO","Dallas/Fort Worth TX",460
"Mobile AL","Atlanta GA",460
"Santa Ana CA","Chicago IL",460
"Cleveland OH","Atlanta GA",462
"Sacramento CA","Las Vegas NV",462
"Phoenix AZ","Austin TX",463
"Dayton OH","Atlanta GA",464
"St. Louis MO","Dallas TX",464
"Wichita KS","Atlanta GA",464
"New York NY","Columbus OH",465
"Houston TX","Harlingen/San Benito TX",468
"Huntsville AL","Atlanta GA",468
"Nashville TN","Dallas/Fort Worth TX",468
"Tampa FL","Houston TX",468
"Savannah GA","Atlanta GA",469
"San Francisco CA","Atlanta GA",470
"St. Louis MO","Dallas/Fort Worth TX",470
"Valparaiso FL","Atlanta GA",470
"Raleigh/Durham NC","Baltimore MD",471
"Dallas/Fort Worth TX","Baton Rouge LA",472
"Dallas/Fort Worth TX","Corpus Christi TX",472
"Lubbock TX","Dallas/Fort Worth TX",472
"Oakland CA","Las Vegas NV",472
"Detroit MI","Dallas/Fort Worth TX",474
"Columbia SC","Atlanta GA",475
"Greer SC","Atlanta GA",475
"San Juan PR","Miami FL",476
"Tallahassee FL","Atlanta GA",476
"Mission/McAllen/Edinburg TX","Houston TX",477
"Pittsburgh PA","Charlotte NC",477
"Reno NV","Los Angeles CA",478
"Santa Ana CA","Las Vegas NV",479
"Atlanta GA","Akron OH",480
"El Paso TX","Dallas/Fort Worth TX",480
"Fayetteville AR","Dallas/Fort Worth TX",480
"New York NY","Cleveland OH",483
"Lafayette LA","Houston TX",486
"Phoenix AZ","Charlotte NC",487
"Phoenix AZ","Newark NJ",487
"Houston TX","Detroit MI",488
"Los Angeles CA","Boston MA",488
"Shreveport LA","Dallas/Fort Worth TX",488
"Tulsa OK","Dallas/Fort Worth TX",488
"Philadelphia PA","Houston TX",490
"Raleigh/Durham NC","Boston MA",491
"Orlando FL","Detroit MI",495
"Newark NJ","Miami FL",496
"Augusta GA","Atlanta GA",497
"West Palm Beach/Palm Beach FL","Newark NJ",497
"Fayetteville AR","Chicago IL",498
"San Francisco CA","Houston TX",502
"Washington DC","Fort Lauderdale FL",502
"Little Rock AR","Chicago IL",506
"Detroit MI","Charlotte NC",508
"Raleigh/Durham NC","Charlotte NC",508
"Minneapolis MN","Milwaukee WI",511
"Houston TX","El Paso TX",513
"Knoxville TN","Atlanta GA",513
"Chattanooga TN","Atlanta GA",514
"Kansas City MO","Houston TX",517
"Louisville KY","Atlanta GA",518
"Philadelphia PA","Fort Lauderdale FL",520
"Birmingham AL","Atlanta GA",522
"San Jose CA","Las Vegas NV",523
"San Diego CA","Chicago IL",524
"Newark NJ","Detroit MI",525
"Charleston SC","Atlanta GA",526
"Tampa FL","Charlotte NC",528
"Portland OR","Los Angeles CA",530
"San Diego CA","Dallas/Fort Worth TX",531
"San Francisco CA","Palm Springs CA",531
"San Jose CA","San Diego CA",532
"Washington DC","Tampa FL",533
"Fort Lauderdale FL","Charlotte NC",534
"Miami FL","Houston TX",535
"Minneapolis MN","Detroit MI",537
"Orlando FL","Miami FL",538
"Seattle WA","Oakland CA",538
"Killeen TX","Dallas/Fort Worth TX",542
"Nashville TN","Atlanta GA",542
"San Francisco CA","Salt Lake City UT",545
"Miami FL","Los Angeles CA",548
"Salt Lake City UT","Dallas/Fort Worth TX",551
"San Francisco CA","Boston MA",554
"Seattle WA","Dallas/Fort Worth TX",558
"Tucson AZ","Phoenix AZ",558
"San Diego CA","Sacramento CA",564
"Kansas City MO","Dallas TX",566
"Orlando FL","Boston MA",566
"Seattle WA","Las Vegas NV",567
"New York NY","Las Vegas NV",568
"Santa Ana CA","Dallas/Fort Worth TX",568
"Philadelphia PA","Charlotte NC",569
"Nashville TN","Houston TX",570
"Los Angeles CA","Fresno CA",571
"San Juan PR","Orlando FL",571
"Santa Ana CA","Denver CO",572
"San Francisco CA","Philadelphia PA",574
"Denver CO","Aspen CO",575
"New York NY","Nashville TN",576
"Midland/Odessa TX","Houston TX",577
"Minneapolis MN","Dallas/Fort Worth TX",577
"San Jose CA","Phoenix AZ",578
"Hartford CT","Chicago IL",580
"Sacramento CA","Phoenix AZ",581
"Reno NV","Las Vegas NV",582
"Tucson AZ","Los Angeles CA",583
"Fort Myers FL","Chicago IL",584
"Kansas City MO","Denver CO",585
"Norfolk VA","Atlanta GA",587
"Columbus OH","Atlanta GA",588
"Miami FL","Chicago IL",592
"Orlando FL","Charlotte NC",592
"Phoenix AZ","El Paso TX",594
"Washington DC","Raleigh/Durham NC",595
"Portland OR","Phoenix AZ",597
"Milwaukee WI","Atlanta GA",598
"Pensacola FL","Atlanta GA",599
"Orlando FL","Dallas/Fort Worth TX",600
"Kansas City MO","Atlanta GA",602
"Santa Barbara CA","San Francisco CA",602
"Milwaukee WI","Chicago IL",607
"Chicago IL","Buffalo NY",609
"Tampa FL","Chicago IL",609
"New York NY","Buffalo NY",613
"Newark NJ","Dallas/Fort Worth TX",613
"Portland OR","Denver CO",616
"Las Vegas NV","Burbank CA",618
"Orlando FL","Houston TX",621
"Raleigh/Durham NC","Chicago IL",622
"Miami FL","Dallas/Fort Worth TX",628
"Phoenix AZ","Oakland CA",628
"San Antonio TX","Atlanta GA",633
"New York NY","Houston TX",634
"Seattle WA","Chicago IL",635
"St. Louis MO","Atlanta GA",636
"San Diego CA","Oakland CA",638
"Oklahoma City OK","Houston TX",639
"San Francisco CA","Portland OR",641
"Fort Lauderdale FL","Chicago IL",642
"Tulsa OK","Houston TX",642
"Dallas/Fort Worth TX","Boston MA",644
"Charlotte NC","Boston MA",646
"Washington DC","Newark NJ",650
"Cincinnati OH","Chicago IL",653
"Charlotte NC","Baltimore MD",654
"Salt Lake City UT","Las Vegas NV",654
"Phoenix AZ","Atlanta GA",655
"San Diego CA","Las Vegas NV",655
"Fort Lauderdale FL","Baltimore MD",656
"Pittsburgh PA","Atlanta GA",656
"Phoenix AZ","Ontario CA",659
"Salt Lake City UT","Chicago IL",660
"Indianapolis IN","Atlanta GA",663
"Dallas TX","Austin TX",667
"Phoenix AZ","Minneapolis MN",669
"Phoenix AZ","Burbank CA",670
"Orlando FL","Baltimore MD",676
"Richmond VA","Atlanta GA",688
"New York NY","Denver CO",692
"Philadelphia PA","Dallas/Fort Worth TX",692
"West Palm Beach/Palm Beach FL","New York NY",700
"Denver CO","Atlanta GA",701
"Santa Barbara CA","Los Angeles CA",705
"West Palm Beach/Palm Beach FL","Atlanta GA",707
"Las Vegas NV","Dallas/Fort Worth TX",716
"Houston TX","Corpus Christi TX",717
"Miami FL","Charlotte NC",721
"San Diego CA","Denver CO",721
"Newark NJ","Atlanta GA",728
"Las Vegas NV","Atlanta GA",730
"San Antonio TX","Dallas TX",734
"Newark NJ","Fort Lauderdale FL",740
"Las Vegas NV","Houston TX",742
"Fort Myers FL","Atlanta GA",747
"Chicago IL","Baltimore MD",748
"Washington DC","Los Angeles CA",756
"Washington DC","Houston TX",757
"Newark NJ","Charlotte NC",762
"Phoenix AZ","Albuquerque NM",762
"Washington DC","Detroit MI",763
"Washington DC","San Francisco CA",768
"Phoenix AZ","Houston TX",772
"Des Moines IA","Chicago IL",783
"Newark NJ","Houston TX",786
"Oakland CA","Burbank CA",788
"Seattle WA","Phoenix AZ",788
"Tampa FL","New York NY",788
"Houston TX","Charlotte NC",794
"San Francisco CA","Phoenix AZ",794
"Los Angeles CA","Atlanta GA",797
"Seattle WA","Anchorage AK",798
"Santa Ana CA","Phoenix AZ",802
"Boston MA","Atlanta GA",807
"Philadelphia PA","Boston MA",807
"Philadelphia PA","Orlando FL",809
"Dallas/Fort Worth TX","Charlotte NC",816
"New York NY","Minneapolis MN",817
"Seattle WA","Denver CO",817
"Memphis TN","Atlanta GA",820
"Santa Ana CA","San Francisco CA",820
"Detroit MI","Atlanta GA",824
"San Juan PR","New York NY",824
"Jacksonville FL","Atlanta GA",836
"Washington DC","Miami FL",836
"Washington DC","Denver CO",840
"Los Angeles CA","Honolulu HI",844
"Omaha NE","Chicago IL",844
"Orlando FL","Newark NJ",845
"Seattle WA","Los Angeles CA",863
"Newark NJ","Boston MA",870
"Washington DC","Orlando FL",870
"Dallas/Fort Worth TX","Austin TX",878
"Las Vegas NV","Chicago IL",879
"New Orleans LA","Atlanta GA",891
"Raleigh/Durham NC","Atlanta GA",898
"Pittsburgh PA","Chicago IL",901
"Phoenix AZ","Dallas/Fort Worth TX",904
"San Antonio TX","Dallas/Fort Worth TX",906
"Boston MA","Baltimore MD",907
"Minneapolis MN","Denver CO",911
"Columbus OH","Chicago IL",919
"Houston TX","Austin TX",923
"Minneapolis MN","Atlanta GA",924
"San Francisco CA","Denver CO",941
"Salt Lake City UT","Los Angeles CA",942
"Houston TX","Denver CO",949
"Oakland CA","Los Angeles CA",952
"Orlando FL","Chicago IL",964
"San Antonio TX","Houston TX",985
"New York NY","Dallas/Fort Worth TX",998
"Washington DC","Dallas/Fort Worth TX",998
"Salt Lake City UT","Phoenix AZ",1005
"San Francisco CA","Dallas/Fort Worth TX",1010
"Honolulu HI","Hilo HI",1018
"San Jose CA","Los Angeles CA",1018
"Los Angeles CA","Houston TX",1023
"St. Louis MO","Chicago IL",1023
"Seattle WA","San Francisco CA",1029
"Sacramento CA","Los Angeles CA",1031
"Las Vegas NV","Denver CO",1038
"New York NY","Detroit MI",1043
"San Diego CA","Phoenix AZ",1058
"Chicago IL","Charlotte NC",1059
"Denver CO","Dallas/Fort Worth TX",1059
"Washington DC","Charlotte NC",1084
"Baltimore MD","Atlanta GA",1096
"Chicago IL","Boston MA",1109
"New Orleans LA","Houston TX",1121
"Philadelphia PA","Atlanta GA",1130
"Raleigh/Durham NC","New York NY",1134
"Miami FL","Atlanta GA",1141
"Nashville TN","Chicago IL",1150
"Phoenix AZ","Chicago IL",1154
"Tampa FL","Atlanta GA",1158
"Dallas/Fort Worth TX","Chicago IL",1241
"Dallas/Fort Worth TX","Atlanta GA",1249
"Charlotte NC","Atlanta GA",1258
"Salt Lake City UT","Denver CO",1259
"Fort Lauderdale FL","Atlanta GA",1263
"San Francisco CA","San Diego CA",1266
"Lihue HI","Honolulu HI",1267
"Phoenix AZ","Las Vegas NV",1272
"Los Angeles CA","Denver CO",1288
"Los Angeles CA","Dallas/Fort Worth TX",1317
"San Francisco CA","Chicago IL",1326
"San Francisco CA","New York NY",1341
"Houston TX","Chicago IL",1344
"Newark NJ","Chicago IL",1350
"New York NY","Charlotte NC",1352
"Kansas City MO","Chicago IL",1357
"Philadelphia PA","Chicago IL",1375
"Kona HI","Honolulu HI",1377
"Houston TX","Dallas/Fort Worth TX",1386
"Denver CO","Chicago IL",1394
"Phoenix AZ","Denver CO",1395
"San Francisco CA","Las Vegas NV",1408
"New York NY","Miami FL",1466
"Los Angeles CA","Chicago IL",1481
"Orlando FL","Atlanta GA",1483
"Orlando FL","New York NY",1508
"Cleveland OH","Chicago IL",1512
"Washington DC","Chicago IL",1574
"Phoenix AZ","Los Angeles CA",1577
"New York NY","Fort Lauderdale FL",1582
"New York NY","Boston MA",1629
"San Diego CA","Los Angeles CA",1674
"Washington DC","Boston MA",1685
"Detroit MI","Chicago IL",1699
"Minneapolis MN","Chicago IL",1713
"Houston TX","Dallas TX",1782
"Houston TX","Atlanta GA",1823
"Washington DC","Atlanta GA",1832
"Los Angeles CA","Las Vegas NV",1860
"New York NY","Chicago IL",1869
"New York NY","Los Angeles CA",1873
"Kahului HI","Honolulu HI",1993
"Washington DC","New York NY",2014
"New York NY","Atlanta GA",2064
"Chicago IL","Atlanta GA",2289
"San Francisco CA","Los Angeles CA",2662
